{
  "Total": {
    "transaction": "Total",
    "sampleCount": 2,
    "errorCount": 0,
    "errorPct": 0,
    "meanResTime": 3098,
    "medianResTime": 3098,
    "minResTime": 3098,
    "maxResTime": 3098,
    "pct1ResTime": 3098,
    "pct2ResTime": 3098,
    "pct3ResTime": 3098,
    "throughput": 0.6455777921239509,
    "receivedKBytesPerSec": 0.6146858860555198,
    "sentKBytesPerSec": 0.2212869189799871
  },
  "launch_website-57": {
    "transaction": "launch_website-57",
    "sampleCount": 2,
    "errorCount": 0,
    "errorPct": 0,
    "meanResTime": 3098,
    "medianResTime": 3098,
    "minResTime": 3098,
    "maxResTime": 3098,
    "pct1ResTime": 3098,
    "pct2ResTime": 3098,
    "pct3ResTime": 3098,
    "throughput": 0.6455777921239509,
    "receivedKBytesPerSec": 0.6146858860555198,
    "sentKBytesPerSec": 0.2212869189799871
  }
}
